{
	"type": "GenericSmelter",
	"name": "Соплитовый пресс",
	"description": "Сжимает Сгустки соплей в Соплит",
	"outputItem": {"item": "soplit", "amount": 1},
	"size": 2,
	"hasPower": true,
	"hasItems": true,
	"craftTime": 50,
	"updateEffect": "smeltsmoke",
	"consumes": {
		"power": 1,
		"items": {
			"items": [
				{ "item": "sopel", "amount": 1 }
			]
		}
	},
	"requirements": [
		{ "item": "lead", "amount": 50 },
		{ "item": "titanium", "amount": 35 },
		{ "item": "silicon", "amount": 60 }
	],
	"category": "crafting",
	"research": "router",
	"idleSound": "respawning",
	"idleSoundVolume": 0.5
}
