{
	"name": "Соплитовый Бур",
	"description": "Мощный бур, который сделан...  Из соплей?",
	"type": "Drill",
	"size": 3,
	"tier": 8,
	"drillTime":150,
		"consumes": {
		"power": 11.0,
		"liquid": {
			"liquid": "water", 
			"amount": 0.1
		}
	},
	"requirements": [
		{ "item": "soplit", "amount": 100 },
		{ "item": "silicon", "amount": 40 },
		{ "item": "titanium", "amount": 20 },
		{ "item": "graphite", "amount": 20 }
	],
	"category": "production",
	"research": "laser-drill"
}
